{"2001-01": 0.9553147336410182, "2001-02": 0.8887576135721946, "2001-03": 0.82981728673122, "2001-04": 0.8716848130582296, "2001-05": 0.8960033602297239, "2001-06": 0.9062014606564797, "2001-07": 0.7949870202378844, "2001-08": 0.9488850848355711, "2001-09": 0.9300175288709773, "2001-10": 0.905230297476667, "2001-11": 0.8499638548417657, "2001-12": 0.9186954816260002, "2002-01": 1.0496632248148958, "2002-02": 0.8597749868139868, "2002-03": 1.0602690840726965, "2002-04": 0.9826538552138262, "2002-05": 1.006438796823621, "2002-06": 0.980614643664132, "2002-07": 0.9783939296980033, "2002-08": 1.029328495463481, "2002-09": 0.9619848705400952, "2002-10": 1.0608395243200361, "2002-11": 0.9575978884290911, "2002-12": 0.9512698829524519, "2003-01": 1.0068516291372918, "2003-02": 1.0231123485967264, "2003-03": 1.0957805948766224, "2003-04": 1.011811369476796, "2003-05": 1.04163356910425, "2003-06": 1.0722996340295947, "2003-07": 0.9784325285603516, "2003-08": 1.0450782246798809, "2003-09": 1.102233819370408, "2003-10": 1.0677334874427618, "2003-11": 1.0415075433202619, "2003-12": 1.0165035418476167, "2004-01": 1.1245970526774645, "2004-02": 1.1772237288338963, "2004-03": 1.0515523764821983, "2004-04": 1.1429900381412437, "2004-05": 1.0849652556028309, "2004-06": 1.1254178642494848, "2004-07": 1.0470436716908238, "2004-08": 1.138214947865646, "2004-09": 1.16811453843709, "2004-10": 1.1272737741132899, "2004-11": 1.111279312613862, "2004-12": 1.1148200712664074, "2005-01": 1.0867167995182205, "2005-02": 1.0706116211269734, "2005-03": 0.977627855857846, "2005-04": 1.0791395722181865, "2005-05": 1.062918605439582, "2005-06": 0.992898098845272, "2005-07": 1.0625003332076364, "2005-08": 1.0171868347979576, "2005-09": 1.0552691084974462, "2005-10": 1.0803707893300791, "2005-11": 1.0508734862025961, "2005-12": 1.003712000970365, "2006-01": 0.9709484249980173, "2006-02": 0.9647388053054763, "2006-03": 1.0013658589606984, "2006-04": 1.0138115507759184, "2006-05": 0.968622276225829, "2006-06": 0.9546192622624445, "2006-07": 0.9376591016534427, "2006-08": 0.9915517168324901, "2006-09": 1.0078422707782595, "2006-10": 0.9986312706779935, "2006-11": 0.9557895833137853, "2006-12": 0.9826322352724132, "2007-01": 1.0023094959405614, "2007-02": 0.9918140236178846, "2007-03": 0.9687953602084903, "2007-04": 1.0176447963975126, "2007-05": 0.9425882343400982, "2007-06": 1.0026858490293253, "2007-07": 0.9285820240473511, "2007-08": 0.9960199835693576, "2007-09": 1.0383168721502276, "2007-10": 0.9804335555249347, "2007-11": 0.990630825898582, "2007-12": 0.9918544983434197, "2008-01": 1.019492199041241, "2008-02": 0.9503591830353871, "2008-03": 0.9212194169825151, "2008-04": 0.9313314495941879, "2008-05": 0.9795803515111063, "2008-06": 0.9801589979538489, "2008-07": 0.9329608906903383, "2008-08": 0.9688828521738139, "2008-09": 0.9892270561949914, "2008-10": 1.012185294461066, "2008-11": 0.9522350324407961, "2008-12": 0.9266504721572811, "2009-01": 0.9529683916957661, "2009-02": 0.9303868196034073, "2009-03": 0.9497773404123468, "2009-04": 0.9496044042812172, "2009-05": 0.9191161319271495, "2009-06": 0.9644120155031536, "2009-07": 0.9018204637517038, "2009-08": 0.9848789166310972, "2009-09": 0.9464331713287194, "2009-10": 0.9877292238187442, "2009-11": 0.9193803638453806, "2009-12": 0.9260229640473955, "2010-01": 0.9672475196042108, "2010-02": 0.9148001059609735, "2010-03": 0.9405933731504191, "2010-04": 0.9296547434409783, "2010-05": 0.9697216329924329, "2010-06": 0.9232646222821921, "2010-07": 0.9178688350541919, "2010-08": 0.9523312303602322, "2010-09": 0.9524409333011792, "2010-10": 0.9955725073394018, "2010-11": 0.9152784269800287, "2010-12": 0.9117900643961728, "2011-01": 0.9952814325574068, "2011-02": 0.9117807247695701, "2011-03": 0.9268527472848128, "2011-04": 0.9446001153778377, "2011-05": 0.9414252089798872, "2011-06": 0.9478895802540648, "2011-07": 0.9141134100056537, "2011-08": 0.9403854645545655, "2011-09": 0.9794160300515704, "2011-10": 0.9790471108169022, "2011-11": 0.9204059453849159, "2011-12": 0.9344618484099718, "2012-01": 1.0069992932507066, "2012-02": 0.9472381754136978, "2012-03": 0.9983463286866688, "2012-04": 0.9618347908979242, "2012-05": 0.9706962056681506, "2012-06": 1.0200528007849983, "2012-07": 0.960594262557851, "2012-08": 0.9984967803595521, "2012-09": 0.9934927544336695, "2012-10": 1.028154101813039, "2012-11": 0.9462303046497532, "2012-12": 0.9781993908882809, "2013-01": 1.0807277278025542, "2013-02": 0.9633551642243536, "2013-03": 1.0691640945102023, "2013-04": 0.9849345007942295, "2013-05": 1.06894371949067, "2013-06": 1.059368766252211, "2013-07": 1.0269909995927824, "2013-08": 1.0756645543530932, "2013-09": 1.010591432591235, "2013-10": 0.9957989104652258, "2013-11": 1.0127399912502089, "2013-12": 1.1047080848216757, "2014-01": 1.0936269577276774, "2014-02": 0.9877821509713147, "2014-03": 1.0833728676020005, "2014-04": 1.0317977585570381, "2014-05": 1.076895459989736, "2014-06": 1.0560887577542182, "2014-07": 1.0526506412404308, "2014-08": 1.087579383250167, "2014-09": 1.024551951810395, "2014-10": 1.0665255286061563, "2014-11": 1.0141406682512866, "2014-12": 1.0841157794435494, "2015-01": 1.1146051643744725, "2015-02": 0.961997632540582, "2015-03": 1.0411858485097722, "2015-04": 1.0399879680970183, "2015-05": 1.0471069971137659, "2015-06": 1.0306936802140427, "2015-07": 1.050595697906079, "2015-08": 1.0753984614242469, "2015-09": 0.9917944860945007, "2015-10": 1.030781715785358, "2015-11": 1.0163157269462684, "2015-12": 1.0706912026932005, "2016-01": 1.075015801229139, "2016-02": 0.9847036364661199, "2016-03": 1.0476378357259795, "2016-04": 1.019957553417109, "2016-05": 1.0483090508055688, "2016-06": 1.0390906691985609, "2016-07": 0.9927487266661089, "2016-08": 1.0866477037009539, "2016-09": 1.0279608430541758, "2016-10": 1.0260123732847541, "2016-11": 1.0119232594478529, "2016-12": 1.0694216406886317, "2017-01": 1.0654360343559668, "2017-02": 0.942630521225032, "2017-03": 1.0437556981195972, "2017-04": 1.006386390716112, "2017-05": 1.0398664661407868, "2017-06": 1.005569396843697, "2017-07": 0.9781428958397471, "2017-08": 1.0496249663117398, "2017-09": 1.024054391549109, "2017-10": 1.0225884392211444, "2017-11": 0.9831186691522733, "2017-12": 1.0461151453271782, "2018-01": 1.064221378148774, "2018-02": 0.9510837619452052, "2018-03": 1.059606554329944, "2018-04": 0.9998502724327696, "2018-05": 1.0493655993980682, "2018-06": 1.0256958225930852, "2018-07": 0.9972132022942398, "2018-08": 1.0556833875030274, "2018-09": 1.022015104626656, "2018-10": 1.0242425448792982, "2018-11": 1.0021900606218597, "2018-12": 1.048479088922765, "2019-01": 1.0836103464970672, "2019-02": 0.9492975080784464, "2019-03": 1.0491172331416256, "2019-04": 0.9964898034979366, "2019-05": 1.0728998997062689, "2019-06": 1.0126353845129337, "2019-07": 0.9878090403218021, "2019-08": 1.0594974930169592, "2019-09": 1.0347185543783783, "2019-10": 1.0508289400292687, "2019-11": 0.9993340477503491, "2019-12": 1.0318620999375214, "2020-01": 1.0608474027499726, "2020-02": 0.829177675717268, "2020-03": 0.9070550467734162, "2020-04": 0.9109286823792958, "2020-05": 0.924076969574709, "2020-06": 0.9620744732866521, "2020-07": 0.8930327200638567, "2020-08": 0.9432558120958344, "2020-09": 0.960791593080966, "2020-10": 0.9279263335746538, "2020-11": 0.9121000862657922, "2020-12": 0.957053705400211}