{"2001-01": 1.3223396101903895, "2001-02": 1.0722360508140774, "2001-03": 1.344797513281281, "2001-04": 1.2235409714578953, "2001-05": 1.2884801184118222, "2001-06": 1.2273520844160302, "2001-07": 1.2071505534696079, "2001-08": 1.3570171220462655, "2001-09": 1.175205498769875, "2001-10": 1.3377901357664392, "2001-11": 1.1766113011841661, "2001-12": 1.2249717373351423, "2002-01": 0.9608725125792708, "2002-02": 0.9156578857551912, "2002-03": 0.9972088537852636, "2002-04": 0.9315602311743555, "2002-05": 0.9568679018575251, "2002-06": 0.9853111190878451, "2002-07": 0.951375877316999, "2002-08": 0.9839705591334524, "2002-09": 0.9383928156692735, "2002-10": 1.041703259555324, "2002-11": 0.8315973074040889, "2002-12": 1.0004386851603129, "2003-01": 0.9885055759972873, "2003-02": 0.9545759772742273, "2003-03": 1.017330482817262, "2003-04": 0.931825731302655, "2003-05": 0.9817864370516864, "2003-06": 1.0467998677344346, "2003-07": 1.0010656048523818, "2003-08": 0.9773994581804174, "2003-09": 0.9819469730559769, "2003-10": 1.0730857511401002, "2003-11": 0.9242303565844169, "2003-12": 0.9630959283642591, "2004-01": 0.9581607379550416, "2004-02": 0.9353029492462417, "2004-03": 1.0018584497030818, "2004-04": 0.9786407791259153, "2004-05": 0.8778119520292903, "2004-06": 1.0388694057491599, "2004-07": 0.9400273530982834, "2004-08": 1.014648468833458, "2004-09": 0.9406463149726239, "2004-10": 0.9917580629231612, "2004-11": 0.9524721919203654, "2004-12": 0.9510918820608388, "2005-01": 1.0000194567174325, "2005-02": 0.912063687646195, "2005-03": 1.0681029855964042, "2005-04": 0.945086237362742, "2005-05": 0.9754292957891284, "2005-06": 1.059670596808161, "2005-07": 0.9758964340469448, "2005-08": 1.0217862860917801, "2005-09": 0.9825034098213065, "2005-10": 1.0083934637953338, "2005-11": 0.9861951628219108, "2005-12": 0.9855975033427876, "2006-01": 0.9956159758366657, "2006-02": 0.9809822339985276, "2006-03": 1.0479923300660494, "2006-04": 0.8918891604051983, "2006-05": 1.0269880495831853, "2006-06": 1.1057133299128592, "2006-07": 0.9816686996891997, "2006-08": 1.057518916435893, "2006-09": 0.9854029237761502, "2006-10": 1.0842505918504979, "2006-11": 1.030382352415627, "2006-12": 0.909957595635118, "2007-01": 1.0364236085533949, "2007-02": 0.9640138319850232, "2007-03": 0.997303047350573, "2007-04": 0.9357360060589162, "2007-05": 1.0366158648768722, "2007-06": 1.025388616953202, "2007-07": 1.0135576592412319, "2007-08": 0.9988167045995244, "2007-09": 0.9853661240482346, "2007-10": 1.0774289295893091, "2007-11": 0.969843804172512, "2007-12": 0.9504677541271698, "2008-01": 1.026977845878577, "2008-02": 0.9687429197248831, "2008-03": 1.0312647892805835, "2008-04": 0.9824426244597183, "2008-05": 1.0053081652950115, "2008-06": 1.0392347651293135, "2008-07": 1.0207534163933119, "2008-08": 1.000110642708181, "2008-09": 1.0061214957825506, "2008-10": 1.0599432846285546, "2008-11": 0.9698244068281218, "2008-12": 0.9972178634273672, "2009-01": 0.9499833317845929, "2009-02": 0.9459568971131457, "2009-03": 0.9414634661883233, "2009-04": 0.9299841249645521, "2009-05": 0.9254801102664488, "2009-06": 0.9819394598550617, "2009-07": 0.9298316799136835, "2009-08": 0.9695739665082048, "2009-09": 0.9379980486641745, "2009-10": 1.0020842957506737, "2009-11": 0.9197229943809262, "2009-12": 0.9155964049544622, "2010-01": 0.9312096910910561, "2010-02": 0.9287269300099927, "2010-03": 1.0644172209209095, "2010-04": 0.9399687269651762, "2010-05": 0.9386835529238176, "2010-06": 1.0457015621329644, "2010-07": 0.9636436874588904, "2010-08": 0.988900308577123, "2010-09": 0.9718098459859448, "2010-10": 1.0210605142748117, "2010-11": 0.9332676438649664, "2010-12": 0.9700256838821808, "2011-01": 0.9764753474618096, "2011-02": 0.9497555440856281, "2011-03": 1.0357740247563294, "2011-04": 0.9550945308984548, "2011-05": 0.9704512611153648, "2011-06": 1.0364591242899477, "2011-07": 0.9343309389683643, "2011-08": 1.0325942564790918, "2011-09": 0.995079720856311, "2011-10": 1.036048735405898, "2011-11": 0.9669135309512777, "2011-12": 0.9590426499465915, "2012-01": 0.8987446936322834, "2012-02": 0.9107988846112752, "2012-03": 0.9754578520325682, "2012-04": 0.8776627233116046, "2012-05": 0.9402004917488618, "2012-06": 0.9671382152156602, "2012-07": 0.928326336489267, "2012-08": 0.962520013683664, "2012-09": 0.894155080103196, "2012-10": 0.9982614273206794, "2012-11": 0.9121693739824475, "2012-12": 0.874570628973, "2013-01": 1.0815185990436458, "2013-02": 1.0399007686117134, "2013-03": 1.1052087403219473, "2013-04": 0.9534953262994371, "2013-05": 1.117583406040675, "2013-06": 1.1555493756371942, "2013-07": 1.1037075215312684, "2013-08": 1.0981209148427833, "2013-09": 1.024799671603255, "2013-10": 1.1774506658561736, "2013-11": 1.0336336076629138, "2013-12": 1.0155438344582193, "2014-01": 1.058870708502063, "2014-02": 1.042079416664059, "2014-03": 1.0367884304937705, "2014-04": 0.9744947487133042, "2014-05": 1.0478982171016575, "2014-06": 1.1153455898449307, "2014-07": 1.0787306900445985, "2014-08": 1.0377903371461703, "2014-09": 1.0212175284691232, "2014-10": 1.1860299985497968, "2014-11": 0.9610377278186593, "2014-12": 0.9906708292914364, "2015-01": 1.0124712157793794, "2015-02": 1.0087689223948502, "2015-03": 1.0965550954285328, "2015-04": 1.0159488865512443, "2015-05": 1.005696045006932, "2015-06": 1.0961503020445864, "2015-07": 1.0550909141446492, "2015-08": 1.0436861520999836, "2015-09": 1.0190181673581296, "2015-10": 1.1702063376338718, "2015-11": 0.982721961816469, "2015-12": 0.9648669341524214, "2016-01": 0.9356789271840905, "2016-02": 0.9390663450990817, "2016-03": 1.1491471748072974, "2016-04": 0.9601981922316385, "2016-05": 0.9761063747768753, "2016-06": 1.0875878800819554, "2016-07": 0.9735863549898739, "2016-08": 1.044115175882375, "2016-09": 1.0061909162182203, "2016-10": 1.0762713118802694, "2016-11": 1.0063597765892747, "2016-12": 0.9412613586209253, "2017-01": 0.9717633183689677, "2017-02": 0.923749350273206, "2017-03": 0.9888845941745974, "2017-04": 0.8986148729092345, "2017-05": 0.923650900554781, "2017-06": 1.0621314893527554, "2017-07": 0.9362659046316117, "2017-08": 1.0251046633378413, "2017-09": 0.923026694847318, "2017-10": 1.0557750653614697, "2017-11": 0.9387101046274552, "2017-12": 0.8899120928278457, "2018-01": 1.0078385376541892, "2018-02": 0.9372191796006824, "2018-03": 0.9963132556607407, "2018-04": 0.8652695848434032, "2018-05": 0.9946108465607484, "2018-06": 1.0814905415114606, "2018-07": 0.9774455494659611, "2018-08": 1.067790994331735, "2018-09": 0.8961344291179159, "2018-10": 1.1087232438323875, "2018-11": 0.9690910926598831, "2018-12": 0.8635566364233415, "2019-01": 0.9606627179077254, "2019-02": 0.9270696372463972, "2019-03": 0.9480447111212225, "2019-04": 0.8682138935596136, "2019-05": 1.022406996177006, "2019-06": 0.945156176538725, "2019-07": 0.954893423304178, "2019-08": 0.9691694024333652, "2019-09": 0.9117142405378023, "2019-10": 1.0657231694126492, "2019-11": 0.876039579621926, "2019-12": 0.8940143172407696, "2020-01": 0.9232934324069723, "2020-02": 0.9182104874959439, "2020-03": 0.9837832380380949, "2020-04": 0.8331884037808186, "2020-05": 0.9389976154546624, "2020-06": 1.0531011387055305, "2020-07": 0.9801844043399833, "2020-08": 0.9401599710550339, "2020-09": 0.9049427825459943, "2020-10": 1.061550224535614, "2020-11": 0.8922120355971779, "2020-12": 0.8715248978082191}