{"2001-01": 0.9565610837772596, "2001-02": 0.8098552068309597, "2001-03": 0.8628812246285829, "2001-04": 0.8237071939800406, "2001-05": 0.8458799372360867, "2001-06": 0.9597103840206749, "2001-07": 0.8686593346487489, "2001-08": 0.9388620968950927, "2001-09": 0.8217760836929597, "2001-10": 0.9021360779350156, "2001-11": 0.7937940866365324, "2001-12": 0.9333673506652536, "2002-01": 1.0059776022568836, "2002-02": 0.8461649747616677, "2002-03": 0.7954912456467832, "2002-04": 0.8905824229322057, "2002-05": 0.8524773487031668, "2002-06": 0.9045740510299622, "2002-07": 0.9028356004384633, "2002-08": 0.9018992808248901, "2002-09": 0.8428989414019814, "2002-10": 0.9547458439457525, "2002-11": 0.7956218288984274, "2002-12": 0.8972661498211545, "2003-01": 1.0964872383901758, "2003-02": 0.8571665566144725, "2003-03": 0.8902694418990947, "2003-04": 0.9084286467976195, "2003-05": 0.9052104028739623, "2003-06": 1.030284187232161, "2003-07": 0.931334784604875, "2003-08": 0.9684863771253047, "2003-09": 0.9441020751735633, "2003-10": 0.9864372624406867, "2003-11": 0.813740354744765, "2003-12": 1.043745619718291, "2004-01": 1.05098682326951, "2004-02": 0.8774939922622731, "2004-03": 0.9303727114380382, "2004-04": 0.9062392920960154, "2004-05": 0.9021495341320547, "2004-06": 1.0504647007417514, "2004-07": 0.8899664965242444, "2004-08": 1.0059845340147116, "2004-09": 0.9629024964308653, "2004-10": 0.9296696028877072, "2004-11": 0.8614716597391271, "2004-12": 1.0677122643429873, "2005-01": 1.0619632852709835, "2005-02": 0.8875499331409661, "2005-03": 0.9864746606073324, "2005-04": 0.9247072138027541, "2005-05": 0.9352112399966462, "2005-06": 1.076069425219882, "2005-07": 0.8972166371203141, "2005-08": 1.1271498345086453, "2005-09": 0.9116214073903229, "2005-10": 0.959713726124596, "2005-11": 0.9055829807418937, "2005-12": 1.0706911721527925, "2006-01": 1.1008844777259745, "2006-02": 0.9225768560812625, "2006-03": 1.0574335039442395, "2006-04": 0.9238458500892796, "2006-05": 0.9994598758541589, "2006-06": 1.157589111808039, "2006-07": 1.0539026549821695, "2006-08": 1.1210517041996406, "2006-09": 0.9059404785696676, "2006-10": 1.0284363271308754, "2006-11": 0.937903528403308, "2006-12": 1.1145549822172933, "2007-01": 1.1674706418646013, "2007-02": 0.9428794981535921, "2007-03": 0.9473172729512102, "2007-04": 0.9415384238024285, "2007-05": 1.0184045625351419, "2007-06": 1.0977244266318336, "2007-07": 0.9864103189129677, "2007-08": 1.0502260397708831, "2007-09": 1.021031054285553, "2007-10": 1.0427393333368589, "2007-11": 0.9325512992071382, "2007-12": 1.0823767804254065, "2008-01": 1.1986830809625504, "2008-02": 1.0028905127955534, "2008-03": 0.9271647909974586, "2008-04": 0.9972481882179971, "2008-05": 1.003435397020394, "2008-06": 1.1280547995171717, "2008-07": 1.0704872219973975, "2008-08": 1.0257954622124006, "2008-09": 1.0324557005457642, "2008-10": 1.1144063744171888, "2008-11": 0.8667653438074245, "2008-12": 1.147566666530949, "2009-01": 1.1441703187944352, "2009-02": 0.9508692538029626, "2009-03": 0.9845877314200238, "2009-04": 0.9904630231611299, "2009-05": 0.9804263956191279, "2009-06": 1.1087378852371634, "2009-07": 1.0035599315490322, "2009-08": 1.0322764467024736, "2009-09": 1.0437909257659155, "2009-10": 1.0745352371834898, "2009-11": 0.8653054411577159, "2009-12": 1.1397866256762164, "2010-01": 1.0639482465643666, "2010-02": 0.9393501388915941, "2010-03": 0.9891570406335096, "2010-04": 1.0007446286239572, "2010-05": 0.9123766754527617, "2010-06": 1.0793341220127506, "2010-07": 0.9766614485958769, "2010-08": 1.0212328733875689, "2010-09": 0.9945611041060238, "2010-10": 1.0169775641722756, "2010-11": 0.8789864365811576, "2010-12": 1.096491425336037, "2011-01": 1.0857168952033314, "2011-02": 0.916465589249644, "2011-03": 1.0294193728466223, "2011-04": 0.9871830217845052, "2011-05": 0.9713875244948817, "2011-06": 1.0730313110202105, "2011-07": 0.9515485198469417, "2011-08": 1.0552058257855272, "2011-09": 1.0248475116671296, "2011-10": 1.0094246099894786, "2011-11": 0.9192583699794027, "2011-12": 1.1029188773307166, "2012-01": 1.1478275542821252, "2012-02": 0.96184518034577, "2012-03": 0.9806273023432027, "2012-04": 0.9652564715144633, "2012-05": 1.0184860690554975, "2012-06": 1.106557496401137, "2012-07": 0.9380709351964812, "2012-08": 1.127581141968675, "2012-09": 1.0246479598059424, "2012-10": 1.1646328345963695, "2012-11": 0.9103539322749198, "2012-12": 1.0153132700998089, "2013-01": 1.1896101878499044, "2013-02": 0.9435497656321008, "2013-03": 0.9273701443895538, "2013-04": 0.9337881104388764, "2013-05": 1.0227499325354132, "2013-06": 1.1039920548972693, "2013-07": 1.0526637407684225, "2013-08": 0.989777869467074, "2013-09": 1.0180884876360623, "2013-10": 1.0454564706758378, "2013-11": 0.8747504858465356, "2013-12": 1.1403231413491854, "2014-01": 1.1801259164891047, "2014-02": 0.9504573479049054, "2014-03": 0.9340191989228563, "2014-04": 0.9353688946510551, "2014-05": 0.9737811872823818, "2014-06": 1.155452381383429, "2014-07": 1.0157640823716574, "2014-08": 1.0309163901371228, "2014-09": 1.0179219908080854, "2014-10": 1.175962950535154, "2014-11": 0.8436804842374539, "2014-12": 1.0449590285442578, "2015-01": 1.1579412732700056, "2015-02": 0.9303056723853174, "2015-03": 0.9772366530975767, "2015-04": 0.9647951865038745, "2015-05": 0.949419553802809, "2015-06": 1.1512688584462154, "2015-07": 1.0205289441395142, "2015-08": 0.9896299168596792, "2015-09": 1.055324737753706, "2015-10": 1.1392239825102781, "2015-11": 0.8704898190895292, "2015-12": 1.0557697971530917, "2016-01": 1.1387129146908768, "2016-02": 0.947413771555724, "2016-03": 0.9424796265623404, "2016-04": 0.9208352099998173, "2016-05": 0.9303482224896695, "2016-06": 1.177422880319454, "2016-07": 0.977566946125412, "2016-08": 1.1200068399089096, "2016-09": 0.9310325267746198, "2016-10": 1.044158630387212, "2016-11": 0.9098303099270072, "2016-12": 1.074617372494722, "2017-01": 1.18125707711399, "2017-02": 0.9306736961484668, "2017-03": 0.9788325854809621, "2017-04": 0.8510633781729379, "2017-05": 1.0211390642422424, "2017-06": 1.2185609163282383, "2017-07": 1.0531841995440834, "2017-08": 1.0833726313592633, "2017-09": 0.954206527840072, "2017-10": 1.0201941033278374, "2017-11": 0.9987863979017644, "2017-12": 1.071782857513817, "2018-01": 1.073117622300177, "2018-02": 0.8729402579016409, "2018-03": 1.1096041114096797, "2018-04": 0.8902027121748122, "2018-05": 1.0652256239949194, "2018-06": 1.1002336554417664, "2018-07": 1.021081815873991, "2018-08": 1.2940496437809466, "2018-09": 0.7405305319565607, "2018-10": 1.0950645398644527, "2018-11": 0.8963990536201516, "2018-12": 1.0641983981268937, "2019-01": 1.1634556955875957, "2019-02": 0.8857919733404831, "2019-03": 0.9523658616556108, "2019-04": 0.8534101470501826, "2019-05": 1.0787711112848495, "2019-06": 1.0694322722486578, "2019-07": 0.9770361939439112, "2019-08": 1.10013956212041, "2019-09": 0.924437774519369, "2019-10": 1.0448165413031956, "2019-11": 0.8209822188564735, "2019-12": 1.1358147704240211, "2020-01": 1.2984301081530578, "2020-02": 0.910579252213686, "2020-03": 1.0467480452953695, "2020-04": 0.8615122382951952, "2020-05": 1.1494185859756896, "2020-06": 1.2448265813912278, "2020-07": 1.1057810398923251, "2020-08": 1.0933445813029115, "2020-09": 1.0566317844668767, "2020-10": 1.2748225632862324, "2020-11": 0.7839782221569442, "2020-12": 1.196956620218936}